<?xml version="1.0" encoding="UTF-8" ?>
<!DOCTYPE html PUBLIC "-//W3C//DTD XHTML 1.0 Strict//EN" "http://www.w3.org/TR/xhtml1/DTD/xhtml1-strict.dtd">
<html expr:dir='data:blog.languageDirection' xmlns='http://www.w3.org/1999/xhtml' xmlns:b='http://www.google.com/2005/gml/b' xmlns:data='http://www.google.com/2005/gml/data' xmlns:expr='http://www.google.com/2005/gml/expr' xmlns:fb='http://www.facebook.com/2008/fbml'>
  <head>
    <b:include data='blog' name='all-head-content'/>

<!-- Start - Changing the Blogger Title Tag  -->
<b:if cond='data:blog.pageType == &quot;index&quot;'>
<title><data:blog.pageTitle/></title> 
<b:else/>
<title><data:blog.pageName/> | <data:blog.title/></title>
</b:if>
<!-- End - Changing the Blogger Title Tag  -->

    <b:if cond='data:blog.metaDescription != &quot;&quot;'>
      
    </b:if>

<link href='http://fonts.googleapis.com/css?family=Oswald:300,400' rel='stylesheet' type='text/css'/>
<link href='http://fonts.googleapis.com/css?family=Dosis:500' rel='stylesheet' type='text/css'/>
<meta content='1 Days' name='revisit-after'/>
<meta content='index, follow, noodp, noydir' name='robots'/>
    <b:skin><![CDATA[
/*-----------------------------------------------
You don't have permission to remove or change these!

Blogger Template Style
Name : Lugas
Author : Iksandi Lojaya
Date : March 25, 2012
URL : http://iksandi.com
License:  This free Blogger template is licensed under the Creative Commons Attribution 3.0 License, which permits both personal and commercial use.
However, to satisfy the 'attribution' clause of the license, you are required to keep the footer links intact which provides due credit to its authors. For more specific details about the license, you may visit the URL below:
http://creativecommons.org/licenses/by/3.0/
----------------------------------------------- */
/*<Variable name="bodyfont" description="Text Font" type="font" default="normal normal 100% 'Dosis',Arial, Serif" value="normal normal 100% Arial, Serif"><Variable name="headerfont" description="Sidebar Title Font" type="font" default="normal normal 78% 'Trebuchet MS',Trebuchet,Arial,Verdana,Sans-serif" value="normal normal 78% 'Trebuchet MS',Trebuchet,Arial,Verdana,Sans-serif"><Variable name="pagetitlefont" description="Blog Title Font" type="font" default="normal normal 200% Georgia, Serif" value="normal normal 300% Dosis, Serif"><Variable name="descriptionfont" description="Blog Description Font" type="font" default="normal normal 78% 'Trebuchet MS', Trebuchet, Arial, Verdana, Sans-serif" value="normal normal 78% 'Trebuchet MS', Trebuchet, Arial, Verdana, Sans-serif"><Variable name="postfooterfont" description="Post Footer Font" type="font" default="normal normal 78% 'Trebuchet MS', Trebuchet, Arial, Verdana, Sans-serif" value="normal normal 78% 'Trebuchet MS', Trebuchet, Arial, Verdana, Sans-serif"><Variable name="startSide" description="Side where text starts in blog language" type="automatic" default="left" value="left"><Variable name="endSide" description="Side where text ends in blog language" type="automatic" default="right" value="right">*/

body{
background:#fff;
margin:0;
color:#333;
font:x-small Georgia Serif;
font-size:/**/small;
text-align:center;
}

a {
color:#5c90cd;
text-decoration:none;
}

a:hover{
color:#777;
text-decoration:underline;
}

a img{
border-width:0;
}

#header-wrapper{
width:900px;
margin:10px auto -8px;
display:inline-block;
}

#header-inner{
float:left;
text-align:left;
}

#header{
margin:5px;
text-align:center;
}

#header h1{
margin:0 20px;
line-height:1.2em;
text-transform:uppercase;
font:$pagetitlefont;
text-shadow:2px 2px 2px #ddd;
}

#header a{
color:#666;
text-decoration:none;
}

#header a:hover{
color:#666;
}

#header .description{
margin:0 5px 10px;
padding:0 20px;
text-transform:uppercase;
letter-spacing:.1em;
line-height:1.4em;
font:$descriptionfont;
color:#999;
}

#header img{}

#navbar{
display:none;
}
#srcnt{
position:absolute;
right:150px;
top:150px
}

#srch{
border:1px solid #999;
height:22px;
width:215px;
background:#f6f4f4;
line-height:22px
}

#srch input{
border:0;
background:none;
color:#777;
}

#srcbox{
font-size:12px;
width:180px;
padding-left:4px;
background:none;
}

#srcw #srch{
background:#fff;
border:1px solid #dedede;
border-radius:3px;
}

#srcw #srcbox{
width:190px;
}

/* LightBox */
#jquery-overlay{position:absolute;top:0;left:0;z-index:90;width:100%;height:500px}
#jquery-lightbox{position:absolute;top:0;left:0;width:100%;z-index:100;text-align:center;line-height:0}
#jquery-lightbox a,#jquery-lightbox a:hover{border:none}
#jquery-lightbox a img{border:none}
#lightbox-container-image-box{position:relative;background-color:#fff;width:250px;height:250px;margin:0 auto}
#lightbox-container-image{padding:10px}
#lightbox-loading{position:absolute;top:40%;left:0%;height:25%;width:100%;text-align:center;line-height:0}
#lightbox-nav{position:absolute;top:0;left:0;height:100%;width:100%;z-index:10}
#lightbox-container-image-box > #lightbox-nav{left:0}
#lightbox-nav a{outline:none}
#lightbox-nav-btnPrev,#lightbox-nav-btnNext{width:49%;height:100%;zoom:1;display:block}
#lightbox-nav-btnPrev{left:0;float:left}
#lightbox-nav-btnNext{right:0;float:right}
#lightbox-container-image-data-box{font:10px Verdana,Helvetica,sans-serif;background-color:#fff;margin:0 auto;line-height:1.4em;overflow:auto;width:100%;padding:0 10px 0}
#lightbox-container-image-data{padding:0 10px;color:#666}
#lightbox-container-image-data #lightbox-image-details{width:70%;float:left;text-align:left}
#lightbox-image-details-caption{font-weight:bold}
#lightbox-image-details-currentNumber{display:block;clear:left;padding-bottom:1.0em}
#lightbox-secNav-btnClose{width:66px;float:right;padding-bottom:0.7em}

*{
margin:0;
padding:0;
outline:0;
}

.nav{
width:100%;
height:36px;
background:#f9f9f9;
border-top:1px solid #e4e4e4;
border-bottom:1px solid #e4e4e4;
box-shadow: 0 2px 2px #eee;
z-index:1;
}

.menu{
width:900px;
list-style:none;
font:10px Oswald,Arial,Verdana;
text-align:center;
margin:0 auto;
}

.menu a{
float:left;
color:#777;
text-decoration:none;
width:100px;
line-height:36px;
-moz-transition:.2s linear;
-webkit-transition:.2s linear;
transition:.2s linear;
-o-transition:.2s linear;
}

.menu a:hover,li.menuhover a{
color:#111;
background:#efefef;
-moz-transition:.2s linear;
-webkit-transition:.2s linear;
transition:.2s linear;
-o-transition:.2s linear;
}

.menu li,.menu li span{
position:relative;
float:left;
width:100px;
z-index:2;
border-left:1px solid #e3e3e3;
}

.menu li span{
border-right:1px solid #e3e3e3;
border-left:none;
}

.menu ul{
display:none;
position:absolute;
font:normal 10px Oswald,Arial,Verdana;
top:36px;
left:0;
background:#fbfbfb;
display:none;
list-style:none;
box-shadow:0 2px 3px #ccc;
}

.menu ul li{
float:none;
border-top:1px solid #ccc;
width:150px;
}

.menu ul li a{
float:none;
display:block;
background:none;
line-height:36px;
width:137px;
text-align:left;
padding-left:10px;
color:#444;
}

.menu ul li a:hover{
background:#fefefe;
color:#777;
border-left:3px solid #a2354c;
-moz-transition:none;
-webkit-transition:none;
-o-transition:none;
transition:none;
}
#boxback{
margin:-10px auto 0;
z-index:-2;
position:relative;
width:410px;
height:30px;
background:#f8f8f8;
box-shadow: 0 0 2px 1px #ddd;
border-radius:0 0 3px 3px;
}

#boxbor{
margin:-20px auto 10px;
z-index:-1;
position:relative;
}

.box-intro{
width:auto;
border:1px solid #e4e4e4;
background:#fbfbfb;
border-radius:0 0 3px 3px;
padding:10px 20px;
display:inline-block;
text-shadow:1px 1px 0 #fff;
font-family:Trebuchet,Dosis;
font-size:11pt;
text-align:left;
color:#555;
font-style:italic;
box-shadow: 0 0 2px 1px #eee;
}

#jejaring{
float:right;
list-style:none;
margin:8px 0 0;
padding:0;
width:auto;
overflow:hidden;
}

#jejaring li{
float:left;
margin-right:10px;
border:none;
}

.icon,.icon a{
width:48px;
height:48px;
-o-transition:all .3s;
-moz-transition:all .3s;
-webkit-transition:all .3s;
opacity:0.7;
filter:alpha(opacity=70);
}

.icon a:hover{
transition:.3s linear;
-o-transition:.3s linear;
-moz-transition:.3s linear;
-webkit-transition:.3s linear;
opacity:1.0;
filter:alpha(opacity=100);
}

#outer-wrapper{
width:900px;
margin:0 auto;
padding:10px 10px 0;
text-align:$startSide;
font:$bodyfont;
}

#main-wrapper{
width:660px;
float:$startSide;
word-wrap:break-word;
overflow:hidden;
}

#sidebar-wrapper{
width:220px;
float:$endSide;
word-wrap:break-word;
overflow:hidden;
}

h2{
margin:0 0 .75em;
font:$headerfont;
line-height:1.4em;
text-transform:uppercase;
letter-spacing:.2em;
color:#777;
font-size:80%;
font-family:Oswald;
background:#eee;
padding:5px;
}

h2.date-header{
margin:1.5em 0 .5em;
}

.post{
margin:.5em 0 1.5em;
border-bottom:1px dotted #ccc;
padding-bottom:1.5em;
font-family:Dosis,Verdana,Arial,Trebuchet MS,Sans-serif;
color:#444;
}

.post li{margin:0 0 0 20px;padding:0 0 0 10px}

.post h3{
margin:.25em 0 0;
padding:0 0 4px;
font-size:140%;
font-weight:400;
line-height:1.4em;
color:#777;
font-family:Oswald;
}

.post h3 a,.post h3 a:visited,.post h3 strong{
display:block;
text-decoration:none;
color:#777;
font-weight:400;
}

.post h3 strong,.post h3 a:hover{
color:#333;
}

.post-body{
margin:0 0 1.75em;
line-height:1.6em;
font-size:15px;
}

.post-body blockquote{
line-height:1.3em;
}

.post-footer{
margin:.75em 0;
color:#777;
text-transform:uppercase;
letter-spacing:.1em;
font:$postfooterfont;
line-height:1.4em;
}

.comment-link{
margin-startside:.6em;
}

.post img{
padding-top:6px
}

.post table.tr-caption-container{
padding-bottom:4px;
}

.tr-caption-container img{
border:none;
padding:0;
}

.post blockquote{
margin:1em 20px;
padding:2px 5px 2px 35px;background:url(http://2.bp.blogspot.com/-r77wXH5ZsmQ/T9oSQSPXTNI/AAAAAAAAABM/qQ7Vg7-4Yh4/s000/blockquote.png) no-repeat top left #f8f8f8;border:1px solid #f1f1f1;
}

.post blockquote p{
margin:.75em 0;
}

.comment-block{
border:1px solid #f7f7f7;
background:#fbfbfb;
border-radius:5px;
padding:5px 10px;
}

#comment-holder{
padding:0 10px
}

.comment-header{
border-radius:3px;
padding:2px 5px;
background:#fff;
display:inline-block;
border:1px solid #f0f0f0;
}

.comment-header a{
color:#444;
}

#comments h4{
margin:1em 0;
line-height:1.4em;
letter-spacing:.2em;
color:#555;
text-transform:uppercase;
}

.avatar-image-container img{
border-radius:5px;
background:#fdfdfd;
}

.deleted-comment{
font-style:italic;
color:gray;
}

#blog-pager-newer-link{
float:$startSide;
}

#blog-pager-older-link{
float:$endSide;
}

#blog-pager{
text-align:center;
padding:5px;
background:#f7f7f7;
border-bottom:1px solid #e8e8e8;
}

.home-link{
margin-top:3px
}

.feed-links{
display:none;
line-height:2.5em;
}

#gpluslike{
background:#f4f6ff;
padding:2px 5px;
border-top:1px solid #ddd;
}

.sidebar{
color:#666;
line-height:1.5em;
font-size:90%;
}

.sidebar ul{
list-style:none;
margin:0;
padding:0;
}

.sidebar li{
margin:0;
padding-top:0;
padding-endside:0;
padding-bottom:.25em;
padding-startside:15px;
text-indent:-15px;
line-height:1.5em;
}

.sidebar .widget{
border-top:1px solid #ccc;
margin:0 0 1px;
padding:0 0 1.5em;
}

.main .widget{
border-bottom:1px solid #ccc;
margin:0 0 1px;
padding:0 0 1.5em;
}

.main .Blog{
border-bottom-width:0;
}

.profile-img{
float:$startSide;
margin-top:0;
margin-endside:5px;
margin-bottom:5px;
margin-startside:0;
padding:4px;
border:1px solid #ccc;
}

.profile-data{
margin:0;
text-transform:uppercase;
letter-spacing:.1em;
font:$postfooterfont;
color:#777;
font-weight:700;
line-height:1.6em;
}

.profile-datablock{
margin:.5em 0;
}

.profile-textblock{
margin:.5em 0;
line-height:1.6em;
}

.profile-link{
font:$postfooterfont;
text-transform:uppercase;
letter-spacing:.1em;
}

#middle-wrapper{
width:100%;
background:url(http://2.bp.blogspot.com/-YLJEvhhseFo/T9oSQgj9cvI/AAAAAAAAABU/BCI-hYc7U_c/s000/middlebg.png) repeat #f4f4f4;border-top:1px solid #eee}

#middle-columns h2{
border:1px solid #ddd;
box-shadow:inset 0 0 0 1px #fff;
border-radius:3px;
text-shadow:1px 1px 0 #fff;
color:#666;
background:#efefef;
}

#middle-columns{
font-family:Dosis,Verdana,Arial;
width:900px;
margin:0 auto;
text-align:$startSide;
padding:10px 0 20px;
}

.column1{
width:290px;
float:left;
margin:3px 15px 3px 0;
text-align:left;
}

.column2{
width:290px;
float:left;
margin:3px 0;
text-align:left;
}

.column3{
width:290px;
float:left;
margin:3px 0 3px 15px;
text-align:left;
}

#col1,#col2,#col3{text-align:justify;color:#555;line-height:17.5px}
#col1 a,#col2 a,#col3 a{color:#5c90cd}
.addwidget{
padding:0;
}

#middle-columns ul{
list-style:none;
margin:0;
padding:0;
}

#middle-columns li{
margin:0;
padding-top:0;
padding-left:0;
padding-bottom:.25em;
padding-right:15px;
text-indent:-15px;
line-height:1.5em;
}
#footer-wrapper{width:100%;background:#f0f0f0;}

#footer{
width:900px;
background:#f0f0f0;
border-top:1px solid #ebebeb;
clear:both;
margin:0 auto;
padding:5px 0;
line-height:1.6em;
text-transform:none;
font-family:Arial;
font-size:11px;
display:inline-block;
}
#copyright{float:left;text-align:left}
#credit{float:right;text-align:right}

.thumbs{
width:218px;
height:155px;
position:relative;
line-height:1.6em;
margin:0;
overflow:hidden;
}

.thumbs img{
position:absolute;
top:0;
left:0;
border:0;
margin-top:-20px;
}

.thumbs a{
display:block;
position:relative;
overflow:hidden;
height:155px;
width:218px;
color:#555;
}

.thumbs a:hover{
text-decoration:none;
}

.summary{
padding-bottom:15px;
margin:10px 10px 0;
font-family:Dosis,Verdana,Arial;
font-size:12px;
}

.botsnip{
margin:0 10px;
}

]]></b:skin>
<script type='text/javascript'>
//<![CDATA[
var dropd={};function T$(i){return document.getElementById(i)}function T$$(e,p){return p.getElementsByTagName(e)}dropd.dropdown=function(){var p={fade:1,slide:1,active:0,timeout:200},init=function(n,o){for(s in o){p[s]=o[s]}p.n=n;this.build()};init.prototype.build=function(){this.h=[];this.c=[];this.z=1000;var s=T$$('ul',T$(p.id)),l=s.length,i=0;p.speed=p.speed?p.speed*.1:.5;for(i;i<l;i++){var h=s[i].parentNode;this.h[i]=h;this.c[i]=s[i];h.onmouseover=new Function(p.n+'.show('+i+',1)');h.onmouseout=new Function(p.n+'.show('+i+')')}};init.prototype.show=function(x,d){var c=this.c[x],h=this.h[x];clearInterval(c.t);clearInterval(c.i);c.style.overflow='hidden';if(d){if(p.active&&h.className.indexOf(p.active)==-1){h.className+=' '+p.active}if(p.fade||p.slide){c.style.display='block';if(!c.m){if(p.slide){c.style.visibility='hidden';c.m=c.offsetHeight;c.style.height='0';c.style.visibility=''}else{c.m=100;c.style.opacity=0;c.style.filter='alpha(opacity=0)'}c.v=0}if(p.slide){if(c.m==c.v){c.style.overflow='visible'}else{c.style.zIndex=this.z;this.z++;c.i=setInterval(function(){slide(c,c.m,1)},20)}}else{c.style.zIndex=this.z;this.z++;c.i=setInterval(function(){slide(c,c.m,1)},20)}}else{c.style.zIndex=this.z;c.style.display='block'}}else{c.t=setTimeout(function(){hide(c,p.fade||p.slide?1:0,h,p.active)},p.timeout)}};function hide(c,t,h,s){if(s){h.className=h.className.replace(s,'')}if(t){c.i=setInterval(function(){slide(c,0,-1)},20)}else{c.style.display='none'}}function slide(c,t,d){if(c.v==t){clearInterval(c.i);c.i=0;if(d==1){if(p.fade){c.style.filter='';c.style.opacity=1}c.style.overflow='visible'}}else{c.v=(t-Math.floor(Math.abs(t-c.v)*p.speed)*d);if(p.slide){c.style.height=c.v+'px'}if(p.fade){var o=c.v/c.m;c.style.opacity=o;c.style.filter='alpha(opacity='+(o*100)+')'}}}return{init:init}}();
//]]>
</script>



<script src='http://ajax.googleapis.com/ajax/libs/jquery/1.6.3/jquery.min.js' type='text/javascript'/>

<script type='text/javascript'>
//<![CDATA[
(function(a){a.fn.lightBox=function(p){p=jQuery.extend({overlayBgColor:"#000",overlayOpacity:0.8,fixedNavigation:false,imageLoading:"https://lh5.googleusercontent.com/-oQTWueQDFPw/T4DJyWKTF5I/AAAAAAAACX4/7k2OMrKvidA/s0/preload.gif",imageBtnPrev:"https://lh3.googleusercontent.com/-insm0WOLn-s/T4DRQhqIX3I/AAAAAAAACYo/H4XHhle6k6A/s0/lb-prev.gif",imageBtnNext:"https://lh6.googleusercontent.com/-Nlzo40YlZSg/T4DRQn5ftcI/AAAAAAAACYs/bRh7afh3iC8/s0/lb-next.gif",imageBtnClose:"https://lh4.googleusercontent.com/-LMS09v0ZC7E/T4DJeQ3yVlI/AAAAAAAACXc/WqkZmm1aCms/s0/lb-close.gif",imageBlank:"https://lh5.googleusercontent.com/-fGNeUy1-ZoY/T4DJed9f-MI/AAAAAAAACXg/6jeLixziCTY/s0/lb-blank.gif",containerBorderSize:10,containerResizeSpeed:400,txtImage:"Image",txtOf:"of",keyToClose:"c",keyToPrev:"p",keyToNext:"n",imageArray:[],activeImage:0},p);var i=this;function r(){o(this,i);return false}function o(v,u){a("embed, object, select").css({visibility:"hidden"});c();p.imageArray.length=0;p.activeImage=0;if(u.length==1){p.imageArray.push(new Array(v.getAttribute("href"),v.getAttribute("title")))}else{for(var t=0;t<u.length;t++){p.imageArray.push(new Array(u[t].getAttribute("href"),u[t].getAttribute("title")))}}while(p.imageArray[p.activeImage][0]!=v.getAttribute("href")){p.activeImage++}l()}function c(){a("body").append('<div id="jquery-overlay"></div><div id="jquery-lightbox"><div id="lightbox-container-image-box"><div id="lightbox-container-image"><img id="lightbox-image"><div style="" id="lightbox-nav"><a href="#" id="lightbox-nav-btnPrev"></a><a href="#" id="lightbox-nav-btnNext"></a></div><div id="lightbox-loading"><a href="#" id="lightbox-loading-link"><img src="'+p.imageLoading+'"></a></div></div></div><div id="lightbox-container-image-data-box"><div id="lightbox-container-image-data"><div id="lightbox-image-details"><span id="lightbox-image-details-caption"></span><span id="lightbox-image-details-currentNumber"></span></div><div id="lightbox-secNav"><a href="#" id="lightbox-secNav-btnClose"><img src="'+p.imageBtnClose+'"></a></div></div></div></div>');var t=f();a("#jquery-overlay").css({backgroundColor:p.overlayBgColor,opacity:p.overlayOpacity,width:t[0],height:t[1]}).fadeIn();var u=h();a("#jquery-lightbox").css({top:u[1]+(t[3]/10),left:u[0]}).show();a("#jquery-overlay,#jquery-lightbox").click(function(){b()});a("#lightbox-loading-link,#lightbox-secNav-btnClose").click(function(){b();return false});a(window).resize(function(){var v=f();a("#jquery-overlay").css({width:v[0],height:v[1]});var w=h();a("#jquery-lightbox").css({top:w[1]+(v[3]/10),left:w[0]})})}function l(){a("#lightbox-loading").show();if(p.fixedNavigation){a("#lightbox-image,#lightbox-container-image-data-box,#lightbox-image-details-currentNumber").hide()}else{a("#lightbox-image,#lightbox-nav,#lightbox-nav-btnPrev,#lightbox-nav-btnNext,#lightbox-container-image-data-box,#lightbox-image-details-currentNumber").hide()}var t=new Image();t.onload=function(){a("#lightbox-image").attr("src",p.imageArray[p.activeImage][0]);j(t.width,t.height);t.onload=function(){}};t.src=p.imageArray[p.activeImage][0]}function j(w,z){var t=a("#lightbox-container-image-box").width();var y=a("#lightbox-container-image-box").height();var x=(w+(p.containerBorderSize*2));var v=(z+(p.containerBorderSize*2));var u=t-x;var A=y-v;a("#lightbox-container-image-box").animate({width:x,height:v},p.containerResizeSpeed,function(){g()});if((u==0)&&(A==0)){if(a.browser.msie){n(250)}else{n(100)}}a("#lightbox-container-image-data-box").css({width:w});a("#lightbox-nav-btnPrev,#lightbox-nav-btnNext").css({height:z+(p.containerBorderSize*2)})}function g(){a("#lightbox-loading").hide();a("#lightbox-image").fadeIn(function(){k();s()});q()}function k(){a("#lightbox-container-image-data-box").slideDown("fast");a("#lightbox-image-details-caption").hide();if(p.imageArray[p.activeImage][1]){a("#lightbox-image-details-caption").html(p.imageArray[p.activeImage][1]).show()}if(p.imageArray.length>1){a("#lightbox-image-details-currentNumber").html(p.txtImage+" "+(p.activeImage+1)+" "+p.txtOf+" "+p.imageArray.length).show()}}function s(){a("#lightbox-nav").show();a("#lightbox-nav-btnPrev,#lightbox-nav-btnNext").css({background:"transparent url("+p.imageBlank+") no-repeat"});if(p.activeImage!=0){if(p.fixedNavigation){a("#lightbox-nav-btnPrev").css({background:"url("+p.imageBtnPrev+") left 15% no-repeat"}).unbind().bind("click",function(){p.activeImage=p.activeImage-1;l();return false})}else{a("#lightbox-nav-btnPrev").unbind().hover(function(){a(this).css({background:"url("+p.imageBtnPrev+") left 15% no-repeat"})},function(){a(this).css({background:"transparent url("+p.imageBlank+") no-repeat"})}).show().bind("click",function(){p.activeImage=p.activeImage-1;l();return false})}}if(p.activeImage!=(p.imageArray.length-1)){if(p.fixedNavigation){a("#lightbox-nav-btnNext").css({background:"url("+p.imageBtnNext+") right 15% no-repeat"}).unbind().bind("click",function(){p.activeImage=p.activeImage+1;l();return false})}else{a("#lightbox-nav-btnNext").unbind().hover(function(){a(this).css({background:"url("+p.imageBtnNext+") right 15% no-repeat"})},function(){a(this).css({background:"transparent url("+p.imageBlank+") no-repeat"})}).show().bind("click",function(){p.activeImage=p.activeImage+1;l();return false})}}m()}function m(){a(document).keydown(function(t){d(t)})}function e(){a(document).unbind()}function d(t){if(t==null){keycode=event.keyCode;escapeKey=27}else{keycode=t.keyCode;escapeKey=t.DOM_VK_ESCAPE}key=String.fromCharCode(keycode).toLowerCase();if((key==p.keyToClose)||(key=="x")||(keycode==escapeKey)){b()}if((key==p.keyToPrev)||(keycode==37)){if(p.activeImage!=0){p.activeImage=p.activeImage-1;l();e()}}if((key==p.keyToNext)||(keycode==39)){if(p.activeImage!=(p.imageArray.length-1)){p.activeImage=p.activeImage+1;l();e()}}}function q(){if((p.imageArray.length-1)>p.activeImage){objNext=new Image();objNext.src=p.imageArray[p.activeImage+1][0]}if(p.activeImage>0){objPrev=new Image();objPrev.src=p.imageArray[p.activeImage-1][0]}}function b(){a("#jquery-lightbox").remove();a("#jquery-overlay").fadeOut(function(){a("#jquery-overlay").remove()});a("embed, object, select").css({visibility:"visible"})}function f(){var v,t;if(window.innerHeight&&window.scrollMaxY){v=window.innerWidth+window.scrollMaxX;t=window.innerHeight+window.scrollMaxY}else{if(document.body.scrollHeight>document.body.offsetHeight){v=document.body.scrollWidth;t=document.body.scrollHeight}else{v=document.body.offsetWidth;t=document.body.offsetHeight}}var u,w;if(self.innerHeight){if(document.documentElement.clientWidth){u=document.documentElement.clientWidth}else{u=self.innerWidth}w=self.innerHeight}else{if(document.documentElement&&document.documentElement.clientHeight){u=document.documentElement.clientWidth;w=document.documentElement.clientHeight}else{if(document.body){u=document.body.clientWidth;w=document.body.clientHeight}}}if(t<w){pageHeight=w}else{pageHeight=t}if(v<u){pageWidth=v}else{pageWidth=u}arrayPageSize=new Array(pageWidth,pageHeight,u,w);return arrayPageSize}function h(){var u,t;if(self.pageYOffset){t=self.pageYOffset;u=self.pageXOffset}else{if(document.documentElement&&document.documentElement.scrollTop){t=document.documentElement.scrollTop;u=document.documentElement.scrollLeft}else{if(document.body){t=document.body.scrollTop;u=document.body.scrollLeft}}}arrayPageScroll=new Array(u,t);return arrayPageScroll}function n(v){var u=new Date();t=null;do{var t=new Date()}while(t-u<v)}return this.unbind("click").click(r)}})(jQuery);
$(document).ready(function(){
$('a[href$=jpg]:has(img)').lightBox();
$('a[href$=jpeg]:has(img)').lightBox();
$('a[href$=png]:has(img)').lightBox();
$('a[href$=gif]:has(img)').lightBox();
$('a[href$=bmp]:has(img)').lightBox();
});
//]]>
</script>

<script type='text/javascript'>
$(function() {$(&#39;.thumbs&#39;).hover(function(){$(this).find(&#39;img&#39;).animate({left:&#39;220px&#39;},{queue:false,duration:500});}, function(){$(this).find(&#39;img&#39;).animate({left:&#39;0px&#39;},{queue:false,duration:500});});})
</script>

<b:if cond='data:blog.pageType != &quot;item&quot;'>
<b:if cond='data:blog.pageType != &quot;static_page&quot;'>
<style>


#outer-wrapper{
width:1140px;
}

#main-wrapper{
width:1140px;
}

.post{
width:218px;
height:200px;
float:left;
padding:0;
margin:5px;
transition:.5s linear;
-moz-transition:all .5s;
-webkit-transition:.5s linear;
border-bottom:none;
border-top:1px solid #f6f6f6;
background:#fbfbfb;
box-shadow: 0 1px 1.5px rgba(34,25,25,0.1);
border-radius:2px 2px 0 0;
}

.post:hover{
background:#f5f5f5;
transition:.5s linear;
-moz-transition:all .5s;
-webkit-transition:.5s linear;
}

.post-body{
margin:0 0 .75em;
line-height:1.6em;
font-size:11px;
font-family:Arial;
text-align:justify;
}

.post h3{
font-size:100%;
height:40px;
margin:0;
transition:.3s linear;
-moz-transition:all .3s;
-webkit-transition:.3s linear;
font-family:&#39;Oswald&#39;;
padding:5px 7px 0 3px;
background:#fbfbfb;
text-align:center;
}

.post h3 a,.post h3 a:visited,.post h3 strong{font-weight:300;}

.post h3:hover{
text-shadow:1px 1px 1px #fff;
transition:.3s linear;
-moz-transition:all .3s;
-webkit-transition:.3s linear;
background:#fafafa;
filter:progid:DXImageTransform.Microsoft.gradient(startColorstr=&#39;#fafafa&#39;, endColorstr=&#39;#f3f3f3&#39;);
background:-moz-linear-gradient(left, #fafafa, #f3f3f3);
background:-webkit-gradient(linear, left top, right top, from(#fafafa), to(#f3f3f3));
background-image:-o-linear-gradient(#fafafa,#f3f3f3);
}

.post h3 a:hover{
text-shadow:0 0 1px #fff;
}

.post img{
padding:0;
}

.post-footer-line-1,.post-footer-line-2,post-footer-line-3,.post-footer, #sidebar-wrapper, #HTML1, #FollowByEmail1, #Label1, #Followers1{
display:none;
}

</style>
</b:if>
</b:if>

<b:if cond='data:blog.pageType == &quot;item&quot;'>
<style>

.post h3{
margin:0 0 5px;
font-size:150%;
border:1px solid #e3e3e3;
background:#f4f4f4;
box-shadow:inset 0 0 0 1px #fff;
padding:5px;
border-radius:0 10px 10px 0;
}

.post-footer{
margin:0 0 5px;
border:1px solid #e3e3e3;
background:url(http://2.bp.blogspot.com/-YLJEvhhseFo/T9oSQgj9cvI/AAAAAAAAABU/BCI-hYc7U_c/s000/middlebg.png) repeat #f4f4f4;
box-shadow:inset 0 0 0 1px #fff;
padding:10px 5px 5px;
}

.post{
margin:0 0 1.5em;
}

#related-posts{
float:center;
text-transform:none;
height:100%;
min-height:100%;
padding-top:5px;
}

#related-posts h2{
text-shadow:1px 1px 0 #fff;
border-top:1px solid #aaa;
background:#f6f6f6;
font-size:17px;
color:#555;
font-family:Oswald, Georgia, serif;
margin:0 0 10px;padding:5px;
}

#related-posts a{
color:#000;
transition:.3s linear;
-moz-transition:all .3s;
-webkit-transition:.3s linear;
overflow:hidden;
display:block;
width:82px;
height:155px;
}

#related-posts a:hover{
background:#f5f5f5;
color:#000;
overflow:hidden;
}

#related-posts a img{
transition:.5s linear;
-moz-transition:all .3s;
-webkit-transition:.3s linear;
box-shadow:none;
padding:4px
}

#related-posts a img:hover{
transition:.3s linear;
-moz-transition:all .3s;
-webkit-transition:.3s linear;
margin-bottom:5px;
}

#rptxt{
padding-top:5px;
width:72px;
height:65px;
margin:3px;
border-top:1px solid #999;
font-style:italic;
font-family:Dosis,Arial;
font-size:11.5px;
}

#postcat{
padding:2px 5px;
background:#999;
border-radius:3px;
color:#fbfbfb;
transition:.3s linear;
-moz-transition:all .3s;
-webkit-transition:.3s linear;
}

#postcat:hover{
background:#fe8c25;
text-decoration:none;
transition:.3s linear;
-moz-transition:all .3s;
-webkit-transition:.3s linear;
color:#fbfbfb
}

</style>
<script type='text/javascript'>
//<![CDATA[
var defaultnoimage='http://2.bp.blogspot.com/-fGu0Ip_FBQ8/T9oSQ9E-_tI/AAAAAAAAABc/hmSYpHtp4yg/s000/noimage.jpg';
var maxresults=7;
var splittercolor='#fff';
var relatedpoststitle='you might also like these posts';
//]]></script>
<script type='text/javascript'>
//<![CDATA[
var relatedTitles=new Array();var relatedTitlesNum=0;var relatedUrls=new Array();var thumburl=new Array();function related_results_labels_thumbs(json){for(var i=0;i<json.feed.entry.length;i++){var entry=json.feed.entry[i];relatedTitles[relatedTitlesNum]=entry.title.$t;try{thumburl[relatedTitlesNum]=entry.media$thumbnail.url}catch(error){s=entry.content.$t;a=s.indexOf("<img");b=s.indexOf("src=\"",a);c=s.indexOf("\"",b+5);d=s.substr(b+5,c-b-5);if((a!=-1)&&(b!=-1)&&(c!=-1)&&(d!="")){thumburl[relatedTitlesNum]=d}else{if(typeof(defaultnoimage)!=='undefined'){thumburl[relatedTitlesNum]=defaultnoimage}else{thumburl[relatedTitlesNum]="http://1.bp.blogspot.com/_u4gySN2ZgqE/SosvnavWq0I/AAAAAAAAArk/yL95WlyTqr0/s400/noimage.png"}}}if(relatedTitles[relatedTitlesNum].length>35){relatedTitles[relatedTitlesNum]=relatedTitles[relatedTitlesNum].substring(0,35)+"..."}for(var k=0;k<entry.link.length;k++){if(entry.link[k].rel=='alternate'){relatedUrls[relatedTitlesNum]=entry.link[k].href;relatedTitlesNum++}}}}function removeRelatedDuplicates_thumbs(){var tmp=new Array(0);var tmp2=new Array(0);var tmp3=new Array(0);for(var i=0;i<relatedUrls.length;i++){if(!contains_thumbs(tmp,relatedUrls[i])){tmp.length+=1;tmp[tmp.length-1]=relatedUrls[i];tmp2.length+=1;tmp3.length+=1;tmp2[tmp2.length-1]=relatedTitles[i];tmp3[tmp3.length-1]=thumburl[i]}}relatedTitles=tmp2;relatedUrls=tmp;thumburl=tmp3}function contains_thumbs(a,e){for(var j=0;j<a.length;j++){if(a[j]==e){return true}}return false}function printRelatedLabels_thumbs(current){var splitbarcolor;if(typeof(splittercolor)!=='undefined'){splitbarcolor=splittercolor}else{splitbarcolor="#d4eaf2"}for(var i=0;i<relatedUrls.length;i++){if((relatedUrls[i]==current)||(!relatedTitles[i])){relatedUrls.splice(i,1);relatedTitles.splice(i,1);thumburl.splice(i,1);i--}}var r=Math.floor((relatedTitles.length-1)*Math.random());var i=0;if(relatedTitles.length>0){document.write('<h2>'+relatedpoststitle+'</h2>')}document.write('<div style="clear: both;"/>');while(i<relatedTitles.length&&i<20&&i<maxresults){document.write('<a style="text-decoration:none;padding:5px;float:left;');if(i!=0)document.write('border-left:solid 0.5px '+splitbarcolor+';"');else document.write('"');document.write(' href="'+relatedUrls[r]+'"><img style="width:72px;height:72px;border:0px;" src="'+thumburl[r]+'"/><br/><div id="rptxt">'+relatedTitles[r]+'</div></a>');i++;if(r<relatedTitles.length-1){r++}else{r=0}}document.write('</div>');relatedUrls.splice(0,relatedUrls.length);thumburl.splice(0,thumburl.length);relatedTitles.splice(0,relatedTitles.length)}
//]]>
</script>
</b:if>

<b:if cond='data:blog.pageType == &quot;static_page&quot;'>
<style>
.st-post-footer-buttons{display:none}
.post h3{border-bottom:1px solid #ddd}
</style>
</b:if>

</head>
<body>

    <div id='header-wrapper'>
      <b:section class='header' id='header' maxwidgets='1' showaddelement='no'>
<b:widget id='Header1' locked='true' title='Lugas (Header)' type='Header'>
<b:includable id='main'>

  <b:if cond='data:useImage'>
    <b:if cond='data:imagePlacement == &quot;BEHIND&quot;'>
      <!--
      Show image as background to text. You can't really calculate the width
      reliably in JS because margins are not taken into account by any of
      clientWidth, offsetWidth or scrollWidth, so we don't force a minimum
      width if the user is using shrink to fit.
      This results in a margin-width's worth of pixels being cropped. If the
      user is not using shrink to fit then we expand the header.
      -->
      <b:if cond='data:mobile'>
          <div id='header-inner'>
            <div class='titlewrapper' style='background: transparent'>
              <h1 class='title' style='background: transparent; border-width: 0px'>
                <b:include name='title'/>
              </h1>
            </div>
            <b:include name='description'/>
          </div>
        <b:else/>
          <div expr:style='&quot;background-image: url(\&quot;&quot; + data:sourceUrl + &quot;\&quot;); &quot;                        + &quot;background-position: &quot;                        + data:backgroundPositionStyleStr + &quot;; &quot;                        + data:widthStyleStr                        + &quot;min-height: &quot; + data:height                        + &quot;_height: &quot; + data:height                        + &quot;background-repeat: no-repeat; &quot;' id='header-inner'>
            <div class='titlewrapper' style='background: transparent'>
              <h1 class='title' style='background: transparent; border-width: 0px'>
                <b:include name='title'/>
              </h1>
            </div>
            <b:include name='description'/>
          </div>
        </b:if>
    <b:else/>
      <!--Show the image only-->
      <div id='header-inner'>
        <a expr:href='data:blog.homepageUrl' style='display: block'>
          <img expr:alt='data:title' expr:height='data:height' expr:id='data:widget.instanceId + &quot;_headerimg&quot;' expr:src='data:sourceUrl' expr:width='data:width' style='display: block'/>
        </a>
        <!--Show the description-->
        <b:if cond='data:imagePlacement == &quot;BEFORE_DESCRIPTION&quot;'>
          <b:include name='description'/>
        </b:if>
      </div>
    </b:if>
  <b:else/>
    <!--No header image -->
    <div id='header-inner'>
      <div class='titlewrapper'>
        <h1 class='title'>
          <b:include name='title'/>
        </h1>
      </div>
      <b:include name='description'/>
    </div>
  </b:if>
</b:includable>
<b:includable id='title'>
  <b:if cond='data:blog.url == data:blog.homepageUrl'>
    <data:title/>
  <b:else/>
    <a expr:href='data:blog.homepageUrl'><data:title/></a>
  </b:if>
</b:includable>
<b:includable id='description'>
  <div class='descriptionwrapper'>
    <p class='description'><span><data:description/></span></p>
  </div>
</b:includable>
</b:widget>
</b:section>
<div id='jejaring'>
<!-- Start - Social Links  -->
<li class='icon'><a href='https://plus.google.com/#' target='_blank'><img src='http://2.bp.blogspot.com/-eGUa_T9Ql74/T9oSRKGt83I/AAAAAAAAABk/azlNQovZs14/s000/g.png'/></a></li>
<li class='icon'><a href='http://www.facebook.com/YOUR_USERNAME' target='_blank'><img src='http://3.bp.blogspot.com/-KvSMe48csgw/T9oSRV3U04I/AAAAAAAAABs/E8IUEohtatw/s000/fb.png'/></a></li>
<li class='icon'><a href='http://www.twitter.com/YOUR_USERNAME' target='_blank'><img src='http://1.bp.blogspot.com/-R1j8lUCjwco/T9oSRQA0eqI/AAAAAAAAAB0/oFYGmXh1160/s000/twit.png'/></a></li>
<li class='icon'><a href='http://www.linkedin.com/a' target='_blank'><img src='http://2.bp.blogspot.com/-uJdZUEjt_pY/T9oSRiLI15I/AAAAAAAAAB8/gWGHJg271Z0/s000/in.png'/></a></li>
<li class='icon'><a expr:href='data:blog.homepageUrl + &quot;feeds/posts/default&quot;' target='_blank'><img src='http://4.bp.blogspot.com/-hngLf3rc3cg/T9oSRyVfNpI/AAAAAAAAACE/7SeKqcgzEbY/s000/rss.png'/></a></li>
<!-- End - Social Links  -->
</div>
    </div>


            <!-- Pages-based menu added by BTemplates.com -->
            <div class='nav'><div>
            <!-- Pages -->
            <b:section id='pagesmenuwidget' maxwidgets='1' showaddelement='no'>
<b:widget id='PageList9' locked='false' title='Pages - Menu' type='PageList'>
<b:includable id='main'>
              <b:if cond='data:title'><!--<h2><data:title/></h2>--></b:if>
              <div>
                <ul class='menu' id='menu'>
                  <b:loop values='data:links' var='link'>
                    <b:if cond='data:link.isCurrentPage'>
                      <li><a expr:href='data:link.href'><data:link.title/></a></li>
                    <b:else/>
                      <li><a expr:href='data:link.href'><data:link.title/></a></li>
                    </b:if>
                  </b:loop>
                </ul>
                <b:include name='quickedit'/>
              </div>
            </b:includable>
</b:widget>
</b:section>
            <!-- /Pages -->
            </div></div>
<script type='text/javascript'>
var dropdown=new dropd.dropdown.init(&quot;dropdown&quot;, {id:&#39;menu&#39;, active:&#39;menuhover&#39;});
</script>
<div id='boxback'/>
<div id='boxbor'>
<div class='box-intro'>
<!-- Start - put your amazing slogan here!  -->
put your amazing slogan here!
<!-- End - put your amazing slogan here!  -->
</div>
</div>
<b:if cond='data:blog.pageType != &quot;item&quot;'>
<b:if cond='data:blog.pageType != &quot;static_page&quot;'>
<style>
#srcw #srch{box-shadow:inset 1px 1px 1px rgba(0,0,0,0.1);-moz-box-shadow:inset 1px 1px 1px rgba(0,0,0,0.1);-webkit-box-shadow:inset 1px 1px 1px rgba(0,0,0,0.1);}
</style>
<div id='srcnt'>
<div id='srcw'>
<div id='srch'>
<form expr:action='data:blog.homepageUrl + &quot;search/&quot;' id='searchform' method='get' name='searchform'>
<input class='keyword' id='srcbox' name='q' placeholder='Search...'/>
<input src='http://4.bp.blogspot.com/-cKXZk2FLbv4/T9oSSO-gGzI/AAAAAAAAACM/Ucf85ox8KGY/s000/search-ico.png' style='border:none;vertical-align:top;padding-top:5px' type='image'/>
</form>
</div>
</div>
</div>
</b:if></b:if>
  <div id='outer-wrapper'><div id='wrap2'>

    <!-- skip links for text browsers -->
    <span id='skiplinks' style='display:none;'>
      <a href='#main'>skip to main </a> |
      <a href='#sidebar'>skip to sidebar</a>
    </span>

    <div id='content-wrapper'>

      <div id='crosscol-wrapper' style='text-align:center'>
        <b:section class='crosscol' id='crosscol'/>
      </div>

      <div id='main-wrapper'>
<b:if cond='data:blog.url == data:blog.homepageUrl'>
<div style='padding:0 5px;'>
<h2 style='border-top:1px solid #e8e8e8;box-shadow:0 1px 2px #ccc;text-align:center;letter-spacing:15px;background:#f7f7f7'>
Latest Posts</h2>
<div style='padding:5px 10px;margin: -15px 10px 10px;background:#eee;width:auto;position:relative;z-index:-1;box-shadow:0 1px 2px #ccc'/>
<div style='padding:5px 10px;margin: -17px 25px 10px;background:#eee;width:auto;position:relative;z-index:-2;box-shadow:0 1px 2px #ccc'/>
</div>
<b:else/>
</b:if>
        <b:section class='main' id='main' showaddelement='no'>
<b:widget id='Blog1' locked='true' title='Blog Posts' type='Blog'>
<b:includable id='nextprev'>
  <div class='blog-pager' id='blog-pager'>
    <b:if cond='data:newerPageUrl'>
      <span id='blog-pager-newer-link'>
      <a class='blog-pager-newer-link' expr:href='data:newerPageUrl' expr:id='data:widget.instanceId + &quot;_blog-pager-newer-link&quot;' expr:title='data:newerPageTitle'><data:newerPageTitle/></a>
      </span>
    </b:if>

    <b:if cond='data:olderPageUrl'>
      <span id='blog-pager-older-link'>
      <a class='blog-pager-older-link' expr:href='data:olderPageUrl' expr:id='data:widget.instanceId + &quot;_blog-pager-older-link&quot;' expr:title='data:olderPageTitle'><data:olderPageTitle/></a>
      </span>
    </b:if>

    <a class='home-link' expr:href='data:blog.homepageUrl'><data:homeMsg/></a>

    <b:if cond='data:mobileLinkUrl'>
      <div class='blog-mobile-link'>
        <a expr:href='data:mobileLinkUrl'><data:mobileLinkMsg/></a>
      </div>
    </b:if>

  </div>
  <div class='clear'/>
</b:includable>
<b:includable id='shareButtons' var='post'>
  <b:if cond='data:top.showEmailButton'><a class='goog-inline-block share-button sb-email' expr:href='data:post.sharePostUrl + &quot;&amp;target=email&quot;' expr:title='data:top.emailThisMsg' target='_blank'><span class='share-button-link-text'><data:top.emailThisMsg/></span></a></b:if><b:if cond='data:top.showBlogThisButton'><a class='goog-inline-block share-button sb-blog' expr:href='data:post.sharePostUrl + &quot;&amp;target=blog&quot;' expr:onclick='&quot;window.open(this.href, \&quot;_blank\&quot;, \&quot;height=270,width=475\&quot;); return false;&quot;' expr:title='data:top.blogThisMsg' target='_blank'><span class='share-button-link-text'><data:top.blogThisMsg/></span></a></b:if><b:if cond='data:top.showTwitterButton'><a class='goog-inline-block share-button sb-twitter' expr:href='data:post.sharePostUrl + &quot;&amp;target=twitter&quot;' expr:title='data:top.shareToTwitterMsg' target='_blank'><span class='share-button-link-text'><data:top.shareToTwitterMsg/></span></a></b:if><b:if cond='data:top.showFacebookButton'><a class='goog-inline-block share-button sb-facebook' expr:href='data:post.sharePostUrl + &quot;&amp;target=facebook&quot;' expr:onclick='&quot;window.open(this.href, \&quot;_blank\&quot;, \&quot;height=430,width=640\&quot;); return false;&quot;' expr:title='data:top.shareToFacebookMsg' target='_blank'><span class='share-button-link-text'><data:top.shareToFacebookMsg/></span></a></b:if><b:if cond='data:top.showOrkutButton'><a class='goog-inline-block share-button sb-orkut' expr:href='data:post.sharePostUrl + &quot;&amp;target=orkut&quot;' expr:title='data:top.shareToOrkutMsg' target='_blank'><span class='share-button-link-text'><data:top.shareToOrkutMsg/></span></a></b:if><b:if cond='data:top.showDummy'><div class='goog-inline-block dummy-container'><data:post.dummyTag/></div></b:if>
</b:includable>
<b:includable id='threaded_comment_js' var='post'>
  <script async='async' expr:src='data:post.commentSrc' type='text/javascript'/>

  <script type='text/javascript'>
    (function() {
      var items = <data:post.commentJso/>;
      var msgs = <data:post.commentMsgs/>;
      var config = <data:post.commentConfig/>;

// <![CDATA[
      var cursor = null;
      if (items && items.length > 0) {
        cursor = parseInt(items[items.length - 1].timestamp) + 1;
      }

      var bodyFromEntry = function(entry) {
        if (entry.gd$extendedProperty) {
          for (var k in entry.gd$extendedProperty) {
            if (entry.gd$extendedProperty[k].name == 'blogger.contentRemoved') {
              return '<span class="deleted-comment">' + entry.content.$t + '</span>';
            }
          }
        }
        return entry.content.$t;
      }

      var parse = function(data) {
        cursor = null;
        var comments = [];
        if (data && data.feed && data.feed.entry) {
          for (var i = 0, entry; entry = data.feed.entry[i]; i++) {
            var comment = {};
            // comment ID, parsed out of the original id format
            var id = /blog-(\d+).post-(\d+)/.exec(entry.id.$t);
            comment.id = id ? id[2] : null;
            comment.body = bodyFromEntry(entry);
            comment.timestamp = Date.parse(entry.published.$t) + '';
            if (entry.author && entry.author.constructor === Array) {
              var auth = entry.author[0];
              if (auth) {
                comment.author = {
                  name: (auth.name ? auth.name.$t : undefined),
                  profileUrl: (auth.uri ? auth.uri.$t : undefined),
                  avatarUrl: (auth.gd$image ? auth.gd$image.src : undefined)
                };
              }
            }
            if (entry.link) {
              if (entry.link[2]) {
                comment.link = comment.permalink = entry.link[2].href;
              }
              if (entry.link[3]) {
                var pid = /.*comments\/default\/(\d+)\?.*/.exec(entry.link[3].href);
                if (pid && pid[1]) {
                  comment.parentId = pid[1];
                }
              }
            }
            comment.deleteclass = 'item-control blog-admin';
            if (entry.gd$extendedProperty) {
              for (var k in entry.gd$extendedProperty) {
                if (entry.gd$extendedProperty[k].name == 'blogger.itemClass') {
                  comment.deleteclass += ' ' + entry.gd$extendedProperty[k].value;
                }
              }
            }
            comments.push(comment);
          }
        }
        return comments;
      };

      var paginator = function(callback) {
        if (hasMore()) {
          var url = config.feed + '?alt=json&v=2&orderby=published&reverse=false&max-results=50';
          if (cursor) {
            url += '&published-min=' + new Date(cursor).toISOString();
          }
          window.bloggercomments = function(data) {
            var parsed = parse(data);
            cursor = parsed.length < 50 ? null
                : parseInt(parsed[parsed.length - 1].timestamp) + 1
            callback(parsed);
            window.bloggercomments = null;
          }
          url += '&callback=bloggercomments';
          var script = document.createElement('script');
          script.type = 'text/javascript';
          script.src = url;
          document.getElementsByTagName('head')[0].appendChild(script);
        }
      };
      var hasMore = function() {
        return !!cursor;
      };
      var getMeta = function(key, comment) {
        if ('iswriter' == key) {
          var matches = !!comment.author
              && comment.author.name == config.authorName
              && comment.author.profileUrl == config.authorUrl;
          return matches ? 'true' : '';
        } else if ('deletelink' == key) {
          return config.baseUri + '/delete-comment.g?blogID='
               + config.blogId + '&postID=' + comment.id;
        } else if ('deleteclass' == key) {
          return comment.deleteclass;
        }
        return '';
      };

      var replybox = null;
      var replyUrlParts = null;
      var replyParent = undefined;

      var onReply = function(commentId, domId) {
        if (replybox == null) {
          // lazily cache replybox, and adjust to suit this style:
          replybox = document.getElementById('comment-editor');
          if (replybox != null) {
            replybox.height = '250px';
            replybox.style.display = 'block';
            replyUrlParts = replybox.src.split('#');
          }
        }
        if (replybox && (commentId !== replyParent)) {
          document.getElementById(domId).insertBefore(replybox, null);
          replybox.src = replyUrlParts[0]
              + (commentId ? '&parentID=' + commentId : '')
              + '#' + replyUrlParts[1];
          replyParent = commentId;
        }
      };

      var hash = (window.location.hash || '#').substring(1);
      var startThread, targetComment;
      if (/^comment-form_/.test(hash)) {
        startThread = hash.substring('comment-form_'.length);
      } else if (/^c[0-9]+$/.test(hash)) {
        targetComment = hash.substring(1);
      }

      // Configure commenting API:
      var configJso = {
        'maxDepth': config.maxThreadDepth
      };
      var provider = {
        'id': config.postId,
        'data': items,
        'loadNext': paginator,
        'hasMore': hasMore,
        'getMeta': getMeta,
        'onReply': onReply,
        'rendered': true,
        'initComment': targetComment,
        'initReplyThread': startThread,
        'config': configJso,
        'messages': msgs
      };

      var render = function() {
        if (window.goog && window.goog.comments) {
          var holder = document.getElementById('comment-holder');
          window.goog.comments.render(holder, provider);
        }
      };

      // render now, or queue to render when library loads:
      if (window.goog && window.goog.comments) {
        render();
      } else {
        window.goog = window.goog || {};
        window.goog.comments = window.goog.comments || {};
        window.goog.comments.loadQueue = window.goog.comments.loadQueue || [];
        window.goog.comments.loadQueue.push(render);
      }
    })();
// ]]>
  </script>
</b:includable>
<b:includable id='backlinks' var='post'>
  <a name='links'/><h4><data:post.backlinksLabel/></h4>
  <b:if cond='data:post.numBacklinks != 0'>
    <dl class='comments-block' id='comments-block'>
      <b:loop values='data:post.backlinks' var='backlink'>
        <div class='collapsed-backlink backlink-control'>
          <dt class='comment-title'>
            <span class='backlink-toggle-zippy'>&#160;</span>
            <a expr:href='data:backlink.url' rel='nofollow'><data:backlink.title/></a>
            <b:include data='backlink' name='backlinkDeleteIcon'/>
          </dt>
          <dd class='comment-body collapseable'>
            <data:backlink.snippet/>
          </dd>
          <dd class='comment-footer collapseable'>
            <span class='comment-author'><data:post.authorLabel/> <data:backlink.author/></span>
            <span class='comment-timestamp'><data:post.timestampLabel/> <data:backlink.timestamp/></span>
          </dd>
        </div>
      </b:loop>
    </dl>
  </b:if>
  <p class='comment-footer'>
    <a class='comment-link' expr:href='data:post.createLinkUrl' expr:id='data:widget.instanceId + &quot;_backlinks-create-link&quot;' target='_blank'><data:post.createLinkLabel/></a>
  </p>
</b:includable>
<b:includable id='mobile-main' var='top'>
    <!-- posts -->
    <div class='blog-posts hfeed'>

      <b:include data='top' name='status-message'/>

      <b:if cond='data:blog.pageType == &quot;index&quot;'>
        <b:loop values='data:posts' var='post'>
          <b:include data='post' name='mobile-index-post'/>
        </b:loop>
      <b:else/>
        <b:loop values='data:posts' var='post'>
          <b:include data='post' name='mobile-post'/>
        </b:loop>
      </b:if>
    </div>

   <b:include name='mobile-nextprev'/>
</b:includable>
<b:includable id='post' var='post'>

  <div class='post hentry'>
    <a expr:name='data:post.id'/>
    <b:if cond='data:post.title'>
      <h3 class='post-title entry-title'>

      <b:if cond='data:post.link'>
        <a expr:href='data:post.link'><data:post.title/></a>
      <b:else/>
        <b:if cond='data:post.url'>
          <b:if cond='data:blog.url != data:post.url'>
            <a expr:href='data:post.url'><data:post.title/></a>
          <b:else/>
            <data:post.title/>
          </b:if>
        <b:else/>
          <data:post.title/>
        </b:if>
      </b:if>
      </h3>
    </b:if>

    <div class='post-header'>
    <div class='post-header-line-1'/>
    </div>

<b:if cond='data:blog.pageType == &quot;item&quot;'>
<script src='http://apis.google.com/js/plusone.js' type='text/javascript'/>
<script>
(function(d){
  var js, id = &#39;facebook-jssdk&#39;; if (d.getElementById(id)) {return;}
  js = d.createElement(&#39;script&#39;); js.id = id; js.async = true;
  js.src = &quot;//connect.facebook.net/en_US/all.js#xfbml=1&quot;;
  d.getElementsByTagName(&#39;head&#39;)[0].appendChild(js);
}(document));
</script>
<div id='gpluslike'>
<table><tr><td style='padding: 5px 0 0 0px;width:75px;display:inline-block'><g:plusone expr:href='data:post.url' size=''/></td>
<td style='padding: 2px 0 0 2px'><fb:like action='like' colorscheme='light' expr:href='data:post.url' font='arial' layout='standard' send='false' show_faces='false'/></td></tr></table></div><br/></b:if>


    <div class='post-body entry-content' expr:id='&quot;post-body-&quot; + data:post.id'>

      <b:if cond='data:blog.pageType != &quot;item&quot;'><b:if cond='data:blog.pageType != &quot;static_page&quot;'>
<b:if cond='data:post.isFirstPost'>
<script type='text/javascript'>
//<![CDATA[
function bp_thumbnail_resize(image_url,post_title)
{
var image_size=218;
var show_default_thumbnail=true;
var default_thumbnail="http://2.bp.blogspot.com/-2aPfry1ow94/T9oSSTjUuYI/AAAAAAAAACU/4EW6SNAm0yU/s000/default.png";
if(show_default_thumbnail == true && image_url == "") image_url= default_thumbnail;
image_tag='<img src="'+image_url.replace('/s72-c/','/s'+image_size+'-c/')+'" alt="'+post_title+'"/>';
if(image_url!="") return image_tag; else return "";
}
//]]>
</script>
</b:if>

<b:if cond='data:post.snippet'>
<div class='thumbs'>
<a expr:href='data:post.url'>
<script type='text/javascript'>
document.write(bp_thumbnail_resize(&quot;<data:post.thumbnailUrl/>&quot;,&quot;<data:post.title/>&quot;));
</script><div class='summary'>
<data:post.snippet/></div>
<div class='botsnip'>
<data:post.timestamp/><br/>
<data:post.numComments/> Comments 
<br/>
</div>
</a>
</div>
          <b:else/>
            <data:post.body/>
          </b:if>
      <b:else/>
      <data:post.body/>
      </b:if>
<b:else/>
<data:post.body/>
</b:if>

      <div style='clear: both;'/> <!-- clear for photos floats -->
    </div>

    <div class='post-footer'>
    <div class='post-footer-line post-footer-line-1'><span class='post-author vcard'>
        <b:if cond='data:top.showAuthor'>
          <data:top.authorLabel/>
            <b:if cond='data:post.authorProfileUrl'>
              <span class='fn'>
                <a expr:href='data:post.authorProfileUrl' title='author profile'>
                  <data:post.author/>
                </a>
              </span>
            <b:else/>
              <span class='fn'><data:post.author/></span>
            </b:if>
        </b:if>
      </span> <span class='post-timestamp'>
        <b:if cond='data:top.showTimestamp'>
          <data:top.timestampLabel/>
        <b:if cond='data:post.url'>
          <a class='timestamp-link' expr:href='data:post.url' rel='bookmark' title='permanent link'><abbr class='published' expr:title='data:post.timestampISO8601'><data:post.timestamp/></abbr></a>
        </b:if>
        </b:if>
      </span> <span class='post-comment-link'>
        <b:if cond='data:blog.pageType != &quot;item&quot;'>
          <b:if cond='data:blog.pageType != &quot;static_page&quot;'>
            <b:if cond='data:post.allowComments'>
              <a class='comment-link' expr:href='data:post.addCommentUrl' expr:onclick='data:post.addCommentOnclick'><b:if cond='data:post.numComments == 1'>1 <data:top.commentLabel/><b:else/><data:post.numComments/> <data:top.commentLabelPlural/></b:if></a>
            </b:if>
          </b:if>
        </b:if>
      </span> <span class='post-icons'>
        <!-- email post links -->
        <b:if cond='data:post.emailPostUrl'>
          <span class='item-action'>
          <a expr:href='data:post.emailPostUrl' expr:title='data:top.emailPostMsg'>
              <img alt='' class='icon-action' height='13' src='http://img1.blogblog.com/img/icon18_email.gif' width='18'/>
          </a>
          </span>
        </b:if>

        <!-- quickedit pencil -->
        <b:include data='post' name='postQuickEdit'/>
      </span> <div class='post-share-buttons goog-inline-block'>
        <b:if cond='data:post.sharePostUrl'>
          <b:include data='post' name='shareButtons'/>
        </b:if>
      </div> </div>

      <div class='post-footer-line post-footer-line-2' style='margin:5px 0'><span class='post-labels'>
        <b:if cond='data:post.labels'>
          <data:postLabelsLabel/>
          <b:loop values='data:post.labels' var='label'>
            <a expr:href='data:label.url + &quot;?max-results=15&quot;' id='postcat' rel='tag'><data:label.name/></a>
          </b:loop>
        </b:if>
      </span> 

<!-- Feature added by BTemplates.com -->
	<b:if cond='data:top.showReactions'>
		<span class='reaction-buttons'>
			<table border='0' cellpadding='0' cellspacing='0' width='100%'><tr>
				<td class='reactions-label-cell' nowrap='nowrap' valign='top' width='1%'>
					<span class='reactions-label'>
					<data:top.reactionsLabel/></span>&#160;</td>
				<td><iframe allowtransparency='true' class='reactions-iframe' expr:src='data:post.reactionsUrl' frameborder='0' name='reactions' scrolling='no'/></td>
			</tr></table>
		</span>
	</b:if>
</div>

      <div class='post-footer-line post-footer-line-3'><span class='post-location'>
        <b:if cond='data:top.showLocation'>
          <b:if cond='data:post.location'>
            <data:postLocationLabel/>
            <a expr:href='data:post.location.mapsUrl' target='_blank'><data:post.location.name/></a>
          </b:if>
        </b:if>
      </span> </div>
    </div>
<b:if cond='data:blog.pageType == &quot;item&quot;'>
<div id='related-posts'>
<b:loop values='data:post.labels' var='label'>
<b:if cond='data:label.isLast != &quot;true&quot;'>
</b:if>
<script expr:src='&quot;/feeds/posts/default/-/&quot; + data:label.name + &quot;?alt=json-in-script&amp;callback=related_results_labels_thumbs&amp;max-results=7&quot;' type='text/javascript'/></b:loop>
<script type='text/javascript'>
removeRelatedDuplicates_thumbs();
printRelatedLabels_thumbs(&quot;<data:post.url/>&quot;);
</script>
</div><div style='clear:both'/>
<br/>
</b:if>
  </div>
</b:includable>
<b:includable id='status-message'>
<b:if cond='data:navMessage'>
<div class='status-msg-wrap' style='font-family:Dosis,Arial;'>
<div class='status-msg-body'>
<data:navMessage/>
</div>
<div class='status-msg-bg' style='background:#f7f7f7;box-shadow:0 1px 1px #ccc;border-top:1px solid #e8e8e8;opacity:1;filter:alpha(opacity=100)'>
<div class='status-msg-hidden'><data:navMessage/></div>
</div>
<div style='padding:5px 10px;margin: -7px 10px 10px;background:#eee;width:auto;position:relative;z-index:-1;box-shadow:0 1px 2px #ccc'/>
<div style='padding:5px 10px;margin: -17px 15px 10px;background:#eee;width:auto;position:relative;z-index:-2;box-shadow:0 1px 2px #ccc'/>
</div>
<div style='clear: both;'/>
</b:if>
</b:includable>
<b:includable id='comment-form' var='post'>
  <div class='comment-form'>
    <a name='comment-form'/>
    <b:if cond='data:mobile'>
      <h4 id='comment-post-message'>
        <a expr:id='data:widget.instanceId + &quot;_comment-editor-toggle-link&quot;' href='javascript:void(0)'><data:postCommentMsg/></a></h4>
      <p><data:blogCommentMessage/></p>
      <data:blogTeamBlogMessage/>
      <a expr:href='data:post.commentFormIframeSrc' id='comment-editor-src'/>
      <iframe allowtransparency='true' class='blogger-iframe-colorize blogger-comment-from-post' frameborder='0' height='410' id='comment-editor' name='comment-editor' src='' style='display: none' width='100%'/>
    <b:else/>
      <h4 id='comment-post-message'><data:postCommentMsg/></h4>
      <p><data:blogCommentMessage/></p>
      <data:blogTeamBlogMessage/>
      <a expr:href='data:post.commentFormIframeSrc' id='comment-editor-src'/>
      <iframe allowtransparency='true' class='blogger-iframe-colorize blogger-comment-from-post' frameborder='0' height='410' id='comment-editor' name='comment-editor' src='' width='100%'/>
    </b:if>
    <data:post.friendConnectJs/>
    <data:post.cmtfpIframe/>
    <script type='text/javascript'>
      BLOG_CMT_createIframe(&#39;<data:post.appRpcRelayPath/>&#39;, &#39;<data:post.communityId/>&#39;);
    </script>
  </div>
</b:includable>
<b:includable id='threaded_comments' var='post'>
  <div class='comments' id='comments'>
    <a name='comments'/>
    <h4>
      <b:if cond='data:post.numComments == 1'>
        1 <data:commentLabel/>:
      <b:else/>
        <data:post.numComments/> <data:commentLabelPlural/>:
      </b:if>
    </h4>

    <div class='comments-content'>
      <b:if cond='data:post.embedCommentForm'>
        <b:include data='post' name='threaded_comment_js'/>
      </b:if>
      <div id='comment-holder'>
         <data:post.commentHtml/>
      </div>
    </div>

    <p class='comment-footer'>
      <b:if cond='data:post.allowNewComments'>
        <b:include data='post' name='threaded-comment-form'/>
      <b:else/>
        <data:post.noNewCommentsText/>
      </b:if>
    </p>

    <b:if cond='data:showCmtPopup'>
      <div id='comment-popup'>
        <iframe allowtransparency='true' frameborder='0' id='comment-actions' name='comment-actions' scrolling='no'>
        </iframe>
      </div>
    </b:if>

    <div id='backlinks-container'>
    <div expr:id='data:widget.instanceId + &quot;_backlinks-container&quot;'>
       <b:if cond='data:post.showBacklinks'>
         <b:include data='post' name='backlinks'/>
       </b:if>
    </div>
    </div>
  </div>
</b:includable>
<b:includable id='backlinkDeleteIcon' var='backlink'>
  <span expr:class='&quot;item-control &quot; + data:backlink.adminClass'>
    <a expr:href='data:backlink.deleteUrl' expr:title='data:top.deleteBacklinkMsg'>
      <img src='//www.blogger.com/img/icon_delete13.gif'/>
    </a>
  </span>
</b:includable>
<b:includable id='mobile-nextprev'>
  <div class='blog-pager' id='blog-pager'>
    <b:if cond='data:newerPageUrl'>
      <div class='mobile-link-button' id='blog-pager-newer-link'>
      <a class='blog-pager-newer-link' expr:href='data:newerPageUrl' expr:id='data:widget.instanceId + &quot;_blog-pager-newer-link&quot;' expr:title='data:newerPageTitle'>&amp;lsaquo;</a>
      </div>
    </b:if>

    <b:if cond='data:olderPageUrl'>
      <div class='mobile-link-button' id='blog-pager-older-link'>
      <a class='blog-pager-older-link' expr:href='data:olderPageUrl' expr:id='data:widget.instanceId + &quot;_blog-pager-older-link&quot;' expr:title='data:olderPageTitle'>&amp;rsaquo;</a>
      </div>
    </b:if>

    <div class='mobile-link-button' id='blog-pager-home-link'>
    <a class='home-link' expr:href='data:blog.homepageUrl'><data:homeMsg/></a>
    </div>

    <div class='mobile-desktop-link'>
      <a class='home-link' expr:href='data:desktopLinkUrl'><data:desktopLinkMsg/></a>
    </div>

  </div>
  <div class='clear'/>
</b:includable>
<b:includable id='mobile-post' var='post'>
  <div class='date-outer'>
    <b:if cond='data:post.dateHeader'>
      <h2 class='date-header'><span><data:post.dateHeader/></span></h2>
    </b:if>
    <div class='date-posts'>
      <div class='post-outer'>

        <div class='post hentry uncustomized-post-template' itemscope='itemscope' itemtype='http://schema.org/BlogPosting'>
          <a expr:name='data:post.id'/>
          <b:if cond='data:post.title'>
            <h3 class='post-title entry-title' itemprop='name'>
              <b:if cond='data:post.link'>
                <a expr:href='data:post.link'><data:post.title/></a>
              <b:else/>
                <b:if cond='data:post.url'>
                  <b:if cond='data:blog.url != data:post.url'>
                    <a expr:href='data:post.url'><data:post.title/></a>
                  <b:else/>
                    <data:post.title/>
                  </b:if>
                <b:else/>
                  <data:post.title/>
                </b:if>
              </b:if>
            </h3>
          </b:if>

          <div class='post-header'>
            <div class='post-header-line-1'/>
          </div>

          <div class='post-body entry-content' expr:id='&quot;post-body-&quot; + data:post.id' itemprop='articleBody'>
            <data:post.body/>
            <div style='clear: both;'/> <!-- clear for photos floats -->
          </div>

          <div class='post-footer'>
            <div class='post-footer-line post-footer-line-1'>
              <span class='post-author vcard'>
                <b:if cond='data:top.showAuthor'>
                  <b:if cond='data:post.authorProfileUrl'>
                    <span class='fn'>
                      <a expr:href='data:post.authorProfileUrl' itemprop='author' rel='author' title='author profile'>
                        <data:post.author/>
                      </a>
                    </span>
                  <b:else/>
                    <span class='fn'><data:post.author/></span>
                  </b:if>
                </b:if>
              </span>

              <span class='post-timestamp'>
                <b:if cond='data:top.showTimestamp'>
                  <data:top.timestampLabel/>
                  <b:if cond='data:post.url'>
                    <a class='timestamp-link' expr:href='data:post.url' itemprop='url' rel='bookmark' title='permanent link'><abbr class='published' expr:title='data:post.timestampISO8601' itemprop='datePublished'><data:post.timestamp/></abbr></a>
                  </b:if>
                </b:if>
              </span>

              <span class='post-comment-link'>
                <b:if cond='data:blog.pageType != &quot;item&quot;'>
                  <b:if cond='data:blog.pageType != &quot;static_page&quot;'>
                    <b:if cond='data:post.allowComments'>
                      <a class='comment-link' expr:href='data:post.addCommentUrl' expr:onclick='data:post.addCommentOnclick'><b:if cond='data:post.numComments == 1'>1 <data:top.commentLabel/><b:else/><data:post.numComments/> <data:top.commentLabelPlural/></b:if></a>
                    </b:if>
                  </b:if>
                </b:if>
              </span>
            </div>

            <div class='post-footer-line post-footer-line-2'>
              <b:if cond='data:top.showMobileShare'>
                <div class='mobile-link-button goog-inline-block' id='mobile-share-button'>
                  <a href='javascript:void(0);'><data:shareMsg/></a>
                </div>
              </b:if>
              <b:if cond='data:top.showDummy'>
                <div class='goog-inline-block dummy-container'><data:post.dummyTag/></div>
              </b:if>
            </div>

          </div>
        </div>

        <b:if cond='data:blog.pageType == &quot;static_page&quot;'>
          <b:if cond='data:post.showThreadedComments'>
            <b:include data='post' name='threaded_comments'/>
          <b:else/>
            <b:include data='post' name='comments'/>
          </b:if>
        </b:if>
        <b:if cond='data:blog.pageType == &quot;item&quot;'>
          <b:if cond='data:post.showThreadedComments'>
            <b:include data='post' name='threaded_comments'/>
          <b:else/>
            <b:include data='post' name='comments'/>
          </b:if>
        </b:if>
      </div>
    </div>
  </div>
</b:includable>
<b:includable id='postQuickEdit' var='post'>
  <b:if cond='data:post.editUrl'>
    <span expr:class='&quot;item-control &quot; + data:post.adminClass'>
      <a expr:href='data:post.editUrl' expr:title='data:top.editPostMsg'>
        <img alt='' class='icon-action' height='18' src='http://img2.blogblog.com/img/icon18_edit_allbkg.gif' width='18'/>
      </a>
    </span>
  </b:if>
</b:includable>
<b:includable id='main' var='top'>
  <b:if cond='data:mobile == &quot;false&quot;'>

    <!-- posts -->
    <div class='blog-posts hfeed'>

      <b:include data='top' name='status-message'/>

      <data:defaultAdStart/>
      <b:loop values='data:posts' var='post'>
        <b:if cond='data:post.isDateStart'>
          <b:if cond='data:post.isFirstPost == &quot;false&quot;'>
            &lt;/div&gt;&lt;/div&gt;
          </b:if>
        </b:if>
        <b:if cond='data:post.isDateStart'>
          &lt;div class=&quot;date-outer&quot;&gt;
        </b:if>
        <b:if cond='data:post.isDateStart'>
          &lt;div class=&quot;date-posts&quot;&gt;
        </b:if>
        <div class='post-outer'>
        <b:include data='post' name='post'/>
        <b:if cond='data:blog.pageType == &quot;static_page&quot;'>
          <b:if cond='data:post.showThreadedComments'>
            <b:include data='post' name='threaded_comments'/>
          <b:else/>
            <b:include data='post' name='comments'/>
          </b:if>
        </b:if>
        <b:if cond='data:blog.pageType == &quot;item&quot;'>
          <b:if cond='data:post.showThreadedComments'>
            <b:include data='post' name='threaded_comments'/>
          <b:else/>
            <b:include data='post' name='comments'/>
          </b:if>
        </b:if>
        </div>
        <b:if cond='data:post.includeAd'>
          <b:if cond='data:post.isFirstPost'>
            <data:defaultAdEnd/>
          <b:else/>
            <data:adEnd/>
          </b:if>
          <div class='inline-ad'>
            <data:adCode/>
          </div>
          <data:adStart/>
        </b:if>
      </b:loop>
      <b:if cond='data:numPosts != 0'>
        &lt;/div&gt;&lt;/div&gt;
      </b:if>
      <data:adEnd/>
    </div>



    <!-- feed links -->
    <b:include name='feedLinks'/>
    <div class='clear'/>

    <!-- navigation -->
    <b:include name='nextprev'/>
    <b:if cond='data:top.showStars'>
      <script src='//www.google.com/jsapi' type='text/javascript'/>
      <script type='text/javascript'>
        google.load(&quot;annotations&quot;, &quot;1&quot;, {&quot;locale&quot;: &quot;<data:top.languageCode/>&quot;});
        function initialize() {
          google.annotations.setApplicationId(<data:top.blogspotReviews/>);
          google.annotations.createAll();
          google.annotations.fetch();
        }
        google.setOnLoadCallback(initialize);
      </script>
    </b:if>

  <b:else/>
    <b:include name='mobile-main'/>
  </b:if>

  <b:if cond='data:top.showDummy'>
    <data:top.dummyBootstrap/>
  </b:if>

</b:includable>
<b:includable id='commentDeleteIcon' var='comment'>
  <span expr:class='&quot;item-control &quot; + data:comment.adminClass'>
    <b:if cond='data:showCmtPopup'>
      <div class='goog-toggle-button'>
        <div class='goog-inline-block comment-action-icon'/>
      </div>
    <b:else/>
      <a class='comment-delete' expr:href='data:comment.deleteUrl' expr:title='data:top.deleteCommentMsg'>
        <img src='//www.blogger.com/img/icon_delete13.gif'/>
      </a>
    </b:if>
  </span>
</b:includable>
<b:includable id='feedLinks'>
  <b:if cond='data:blog.pageType != &quot;item&quot;'> <!-- Blog feed links -->
    <b:if cond='data:feedLinks'>
      <div class='blog-feeds'>
        <b:include data='feedLinks' name='feedLinksBody'/>
      </div>
    </b:if>

    <b:else/> <!--Post feed links -->
    <div class='post-feeds'>
      <b:loop values='data:posts' var='post'>
        <b:if cond='data:post.allowComments'>
          <b:if cond='data:post.feedLinks'>
            <b:include data='post.feedLinks' name='feedLinksBody'/>
          </b:if>
        </b:if>
      </b:loop>
    </div>
  </b:if>
</b:includable>
<b:includable id='threaded-comment-form' var='post'>
  <div class='comment-form'>
    <a name='comment-form'/>
    <b:if cond='data:mobile'>
      <p><data:blogCommentMessage/></p>
      <data:blogTeamBlogMessage/>
      <a expr:href='data:post.commentFormIframeSrc' id='comment-editor-src'/>
      <iframe allowtransparency='true' class='blogger-iframe-colorize blogger-comment-from-post' frameborder='0' height='410' id='comment-editor' name='comment-editor' src='' style='display: none' width='100%'/>
    <b:else/>
      <p><data:blogCommentMessage/></p>
      <data:blogTeamBlogMessage/>
      <a expr:href='data:post.commentFormIframeSrc' id='comment-editor-src'/>
      <iframe allowtransparency='true' class='blogger-iframe-colorize blogger-comment-from-post' frameborder='0' height='410' id='comment-editor' name='comment-editor' src='' width='100%'/>
    </b:if>
    <data:post.friendConnectJs/>
    <data:post.cmtfpIframe/>
    <script type='text/javascript'>
      BLOG_CMT_createIframe(&#39;<data:post.appRpcRelayPath/>&#39;, &#39;<data:post.communityId/>&#39;);
    </script>
  </div>
</b:includable>
<b:includable id='mobile-index-post' var='post'>
  <div class='mobile-date-outer date-outer'>
    <b:if cond='data:post.dateHeader'>
      <div class='date-header'>
        <span><data:post.dateHeader/></span>
      </div>
    </b:if>

    <div class='mobile-post-outer'>
      <a expr:href='data:post.url'>
        <h3 class='mobile-index-title entry-title' itemprop='name'>
          <data:post.title/>
        </h3>

        <div class='mobile-index-arrow'>&amp;rsaquo;</div>

        <div class='mobile-index-contents'>
          <b:if cond='data:post.thumbnailUrl'>
            <div class='mobile-index-thumbnail'>
              <div class='Image'>
                <img expr:src='data:post.thumbnailUrl'/>
              </div>
            </div>
          </b:if>

          <div class='post-body'>
            <b:if cond='data:post.snippet'><data:post.snippet/></b:if>
          </div>
        </div>

        <div style='clear: both;'/>
      </a>

      <div class='mobile-index-comment'>
        <b:if cond='data:blog.pageType != &quot;static_page&quot;'>
          <b:if cond='data:post.allowComments'>
            <b:if cond='data:post.numComments != 0'>
              <a class='comment-link' expr:href='data:post.addCommentUrl' expr:onclick='data:post.addCommentOnclick'><b:if cond='data:post.numComments == 1'>1 <data:top.commentLabel/><b:else/><data:post.numComments/> <data:top.commentLabelPlural/></b:if></a>
            </b:if>
          </b:if>
        </b:if>
      </div>
    </div>
  </div>
</b:includable>
<b:includable id='feedLinksBody' var='links'>
  <div class='feed-links'>
  <data:feedLinksMsg/>
  <b:loop values='data:links' var='f'>
     <a class='feed-link' expr:href='data:f.url' expr:type='data:f.mimeType' target='_blank'><data:f.name/> (<data:f.feedType/>)</a>
  </b:loop>
  </div>
</b:includable>
<b:includable id='comments' var='post'>
  <div class='comments' id='comments'>
    <a name='comments'/>
    <b:if cond='data:post.allowComments'>
      <h4>
        <b:if cond='data:post.numComments == 1'>
          1 <data:commentLabel/>:
        <b:else/>
          <data:post.numComments/> <data:commentLabelPlural/>:
        </b:if>
      </h4>

      <b:if cond='data:post.commentPagingRequired'>
        <span class='paging-control-container'>
          <a expr:class='data:post.oldLinkClass' expr:href='data:post.oldestLinkUrl'><data:post.oldestLinkText/></a>
          &#160;
          <a expr:class='data:post.oldLinkClass' expr:href='data:post.olderLinkUrl'><data:post.olderLinkText/></a>
          &#160;
          <data:post.commentRangeText/>
          &#160;
          <a expr:class='data:post.newLinkClass' expr:href='data:post.newerLinkUrl'><data:post.newerLinkText/></a>
          &#160;
          <a expr:class='data:post.newLinkClass' expr:href='data:post.newestLinkUrl'><data:post.newestLinkText/></a>
        </span>
      </b:if>

      <div expr:id='data:widget.instanceId + &quot;_comments-block-wrapper&quot;'>
        <dl expr:class='data:post.avatarIndentClass' id='comments-block'>
          <b:loop values='data:post.comments' var='comment'>
            <dt expr:class='&quot;comment-author &quot; + data:comment.authorClass' expr:id='data:comment.anchorName'>
              <b:if cond='data:comment.favicon'>
                <img expr:src='data:comment.favicon' height='16px' style='margin-bottom:-2px;' width='16px'/>
              </b:if>
              <a expr:name='data:comment.anchorName'/>
              <b:if cond='data:blog.enabledCommentProfileImages'>
                <data:comment.authorAvatarImage/>
              </b:if>
              <b:if cond='data:comment.authorUrl'>
                <a expr:href='data:comment.authorUrl' rel='nofollow'><data:comment.author/></a>
              <b:else/>
                <data:comment.author/>
              </b:if>
              <data:commentPostedByMsg/>
            </dt>
            <dd class='comment-body' expr:id='data:widget.instanceId + data:comment.cmtBodyIdPostfix'>
              <b:if cond='data:comment.isDeleted'>
                <span class='deleted-comment'><data:comment.body/></span>
              <b:else/>
                <p>
                  <data:comment.body/>
                </p>
              </b:if>
            </dd>
            <dd class='comment-footer'>
              <span class='comment-timestamp'>
                <a expr:href='data:comment.url' title='comment permalink'>
                  <data:comment.timestamp/>
                </a>
                <b:include data='comment' name='commentDeleteIcon'/>
              </span>
            </dd>
          </b:loop>
        </dl>
      </div>

      <b:if cond='data:post.commentPagingRequired'>
        <span class='paging-control-container'>
          <a expr:class='data:post.oldLinkClass' expr:href='data:post.oldestLinkUrl'>
            <data:post.oldestLinkText/>
          </a>
          <a expr:class='data:post.oldLinkClass' expr:href='data:post.olderLinkUrl'>
            <data:post.olderLinkText/>
          </a>
          &#160;
          <data:post.commentRangeText/>
          &#160;
          <a expr:class='data:post.newLinkClass' expr:href='data:post.newerLinkUrl'>
            <data:post.newerLinkText/>
          </a>
          <a expr:class='data:post.newLinkClass' expr:href='data:post.newestLinkUrl'>
            <data:post.newestLinkText/>
          </a>
        </span>
      </b:if>

      <p class='comment-footer'>
        <b:if cond='data:post.embedCommentForm'>
          <b:if cond='data:post.allowNewComments'>
            <b:include data='post' name='comment-form'/>
          <b:else/>
            <data:post.noNewCommentsText/>
          </b:if>
        <b:else/>
          <b:if cond='data:post.allowComments'>
            <a expr:href='data:post.addCommentUrl' expr:onclick='data:post.addCommentOnclick'><data:postCommentMsg/></a>
          </b:if>
        </b:if>

      </p>
    </b:if>
    <b:if cond='data:showCmtPopup'>
      <div id='comment-popup'>
        <iframe allowtransparency='true' frameborder='0' id='comment-actions' name='comment-actions' scrolling='no'>
        </iframe>
      </div>
    </b:if>

    <div id='backlinks-container'>
    <div expr:id='data:widget.instanceId + &quot;_backlinks-container&quot;'>
       <b:if cond='data:post.showBacklinks'>
         <b:include data='post' name='backlinks'/>
       </b:if>
    </div>
    </div>
  </div>
</b:includable>
</b:widget>
</b:section>
      </div>

      <div id='sidebar-wrapper'>
<div id='srcw' style='margin-bottom:10px'>
<div id='srch'>
<form expr:action='data:blog.homepageUrl + &quot;search/&quot;' id='searchform' method='get' name='searchform'>
<input class='keyword' id='srcbox' name='q' placeholder='Search...'/>
<input src='http://4.bp.blogspot.com/-cKXZk2FLbv4/T9oSSO-gGzI/AAAAAAAAACM/Ucf85ox8KGY/s000/search-ico.png' style='border:none;vertical-align:top;padding-top:5px' type='image'/>
</form>
</div>
</div>
        <b:section class='sidebar' id='sidebar' preferred='yes'>
<b:widget id='HTML7' locked='false' title='Blogger templates' type='HTML'>
<b:includable id='main'>
  <!-- only display title if it's non-empty -->
  <b:if cond='data:title != &quot;&quot;'>
    <h2 class='title'><data:title/></h2>
  </b:if>
  <div class='widget-content'>
    <data:content/>
  </div>

  <b:include name='quickedit'/>
</b:includable>
</b:widget>
<b:widget id='Label1' locked='false' title='Category' type='Label'>
<b:includable id='main'>
  <b:if cond='data:title'>
    <h2><data:title/></h2>
  </b:if>
  <div expr:class='&quot;widget-content &quot; + data:display + &quot;-label-widget-content&quot;'>
    <b:if cond='data:display == &quot;list&quot;'>
      <ul>
      <b:loop values='data:labels' var='label'>
        <li>
          <b:if cond='data:blog.url == data:label.url'>
            <span expr:dir='data:blog.languageDirection'><data:label.name/></span>
          <b:else/>
            <a expr:dir='data:blog.languageDirection' expr:href='data:label.url + &quot;?max-results=15&quot;'><data:label.name/></a>
          </b:if>
          <b:if cond='data:showFreqNumbers'>
            <span dir='ltr'>(<data:label.count/>)</span>
          </b:if>
        </li>
      </b:loop>
      </ul>
    <b:else/>
      <b:loop values='data:labels' var='label'>
        <span expr:class='&quot;label-size label-size-&quot; + data:label.cssSize'>
          <b:if cond='data:blog.url == data:label.url'>
            <span expr:dir='data:blog.languageDirection'><data:label.name/></span>
          <b:else/>
            <a expr:dir='data:blog.languageDirection' expr:href='data:label.url + &quot;?max-results=15&quot;'><data:label.name/></a>
          </b:if>
          <b:if cond='data:showFreqNumbers'>
            <span class='label-count' dir='ltr'>(<data:label.count/>)</span>
          </b:if>
        </span>
      </b:loop>
    </b:if>
    <b:include name='quickedit'/>
  </div>
</b:includable>
</b:widget>
<b:widget id='BlogArchive1' locked='false' title='Blog Archive' type='BlogArchive'>
<b:includable id='main'>
  <b:if cond='data:title'>
    <h2><data:title/></h2>
  </b:if>
  <div class='widget-content'>
  <div id='ArchiveList'>
  <div expr:id='data:widget.instanceId + &quot;_ArchiveList&quot;'>
    <b:if cond='data:style == &quot;HIERARCHY&quot;'>
     <b:include data='data' name='interval'/>
    </b:if>
    <b:if cond='data:style == &quot;FLAT&quot;'>
      <b:include data='data' name='flat'/>
    </b:if>
    <b:if cond='data:style == &quot;MENU&quot;'>
      <b:include data='data' name='menu'/>
    </b:if>
  </div>
  </div>
  <b:include name='quickedit'/>
  </div>
</b:includable>
<b:includable id='flat' var='data'>
  <ul class='flat'>
    <b:loop values='data:data' var='i'>
      <li class='archivedate'>
        <a expr:href='data:i.url'><data:i.name/></a> (<data:i.post-count/>)
      </li>
    </b:loop>
  </ul>
</b:includable>
<b:includable id='menu' var='data'>
  <select expr:id='data:widget.instanceId + &quot;_ArchiveMenu&quot;'>
    <option value=''><data:title/></option>
    <b:loop values='data:data' var='i'>
      <option expr:value='data:i.url'><data:i.name/> (<data:i.post-count/>)</option>
    </b:loop>
  </select>
</b:includable>
<b:includable id='interval' var='intervalData'>
  <b:loop values='data:intervalData' var='i'>
      <ul class='hierarchy'>
        <li expr:class='&quot;archivedate &quot; + data:i.expclass'>
          <b:include data='i' name='toggle'/>
          <a class='post-count-link' expr:href='data:i.url'><data:i.name/></a>
            <span class='post-count' dir='ltr'>(<data:i.post-count/>)</span>
          <b:if cond='data:i.data'>
            <b:include data='i.data' name='interval'/>
          </b:if>
          <b:if cond='data:i.posts'>
            <b:include data='i.posts' name='posts'/>
          </b:if>
        </li>
      </ul>
  </b:loop>
</b:includable>
<b:includable id='toggle' var='interval'>
  <b:if cond='data:interval.toggleId'>
  <b:if cond='data:interval.expclass == &quot;expanded&quot;'>
    <a class='toggle' href='javascript:void(0)'>
      <span class='zippy toggle-open'>&#9660;&#160;</span>
    </a>
  <b:else/>
    <a class='toggle' href='javascript:void(0)'>
      <span class='zippy'>
        <b:if cond='data:blog.languageDirection == &quot;rtl&quot;'>
          &#9668;&#160;
        <b:else/>
          &#9658;&#160;
        </b:if>
      </span>
    </a>
  </b:if>
 </b:if>
</b:includable>
<b:includable id='posts' var='posts'>
  <ul class='posts'>
    <b:loop values='data:posts' var='i'>
      <li><a expr:href='data:i.url'><data:i.title/></a></li>
    </b:loop>
  </ul>
</b:includable>
</b:widget>
<b:widget id='Attribution1' locked='true' title='' type='Attribution'>
<b:includable id='main'>
    <b:if cond='data:feedbackSurveyLink'>
      <div class='mobile-survey-link' style='text-align: center;'>
        <data:feedbackSurveyLink/>
      </div>
    </b:if>

    <div class='widget-content' style='text-align: center;'>
      <b:if cond='data:attribution != &quot;&quot;'>
       <data:attribution/>
      </b:if>
    </div>

    <b:include name='quickedit'/>
  </b:includable>
</b:widget>
</b:section>
      </div>

      <!-- spacer for skins that want sidebar and main to be the same height-->
      <div class='clear'>&#160;</div>

    </div> <!-- end content-wrapper -->


  </div></div> <!-- end outer-wrapper -->

    <div id='middle-wrapper'>
<div id='middle-columns'>
<div class='column1'>
<b:section class='addwidget' id='col1' preferred='yes' style='float:left;'>
<b:widget id='HTML6' locked='false' title='Blogger news' type='HTML'>
<b:includable id='main'>
  <!-- only display title if it's non-empty -->
  <b:if cond='data:title != &quot;&quot;'>
    <h2 class='title'><data:title/></h2>
  </b:if>
  <div class='widget-content'>
    <data:content/>
  </div>

  <b:include name='quickedit'/>
</b:includable>
</b:widget>
</b:section>
</div>
<div class='column2'>
<b:section class='addwidget' id='col2' preferred='yes' style='float:left;'>
<b:widget id='HTML1' locked='false' title='About' type='HTML'>
<b:includable id='main'>
  <!-- only display title if it's non-empty -->
  <b:if cond='data:title != &quot;&quot;'>
    <h2 class='title'><data:title/></h2>
  </b:if>
  <div class='widget-content'>
    <data:content/>
  </div>

  <b:include name='quickedit'/>
</b:includable>
</b:widget>
</b:section>
</div>
<div class='column3'>
<b:section class='addwidget' id='col3' preferred='yes' style='float:right;'>
<b:widget id='HTML5' locked='false' title='Blogroll' type='HTML'>
<b:includable id='main'>
  <!-- only display title if it's non-empty -->
  <b:if cond='data:title != &quot;&quot;'>
    <h2 class='title'><data:title/></h2>
  </b:if>
  <div class='widget-content'>
    <data:content/>
  </div>

  <b:include name='quickedit'/>
</b:includable>
</b:widget>
</b:section>
</div>
<div style='clear:both;'/>
</div>
    </div>

    <div id='footer-wrapper'>
<div id='footer'>
<!-- Start Footer Links - you don't have permission to remove or change these, respect the author  -->
<div id='copyright'>
Copyright &amp;copy; <script type='text/javascript'>var creditsyear = new Date();document.write(creditsyear.getFullYear());</script> <a expr:href='data:blog.homepageUrl'><data:blog.title/></a> - All Right Reserved<br/>
Template Design by <a href='http://iksandi.com/' target='_blank'>Iksandi Lojaya</a> | Powered by <a href='http://www.blogger.com/'>Blogger</a>
</div>       
<div id='credit'>
<a href='http://iksandi.com/' target='_blank'><img src='http://2.bp.blogspot.com/-VNaL147op5Y/T9oSSqdF6ZI/AAAAAAAAACc/P6wVShAcn3o/s000/logo.png'/></a>
</div>
<!-- End Footer Links - you don't have permission to remove or change these, respect the author  -->
</div>
    </div>
  <b:include data='blog' name='google-analytics'/>
</body>
</html>